chain,wild-type,res-number,mutant,distance-to-interface,mcsm-ppi2-prediction,affinity
B,HIS,632,ALA,3.204,-1.159,Decreasing
B,VAL,635,ALA,3.393,-0.251,Decreasing
A,TYR,247,ALA,3.162,-2.076,Decreasing
B,GLY,641,ALA,3.813,-0.341,Decreasing
B,GLN,624,ALA,4.309,-0.591,Decreasing
A,ASP,245,ALA,2.735,-0.529,Decreasing
A,HIS,91,ALA,2.638,-1.279,Decreasing
B,GLU,619,ALA,2.675,-0.185,Decreasing
A,TYR,319,ALA,2.888,-2.058,Decreasing
B,CYS,626,ALA,3.206,-0.666,Decreasing
A,THR,93,ALA,3.495,-0.558,Decreasing
B,CYS,642,ALA,3.372,-0.378,Decreasing
A,ARG,264,ALA,3.208,-1.89,Decreasing
B,THR,631,ALA,3.162,-0.701,Decreasing
B,LYS,640,ALA,2.642,-0.696,Decreasing
A,THR,94,ALA,4.197,-0.179,Decreasing
A,SER,50,ALA,3.545,-0.644,Decreasing
A,PHE,318,ALA,3.212,-0.979,Decreasing
B,CYS,630,ALA,3.563,-0.418,Decreasing
A,ASN,269,ALA,2.931,-0.372,Decreasing
B,ASP,618,ALA,4.644,-0.209,Decreasing
A,ARG,66,ALA,4.224,-0.838,Decreasing
A,SER,67,ALA,3.603,-0.038,Decreasing
B,ASP,636,ALA,2.724,-1.016,Decreasing
A,GLY,314,ALA,3.713,-0.613,Decreasing
A,THR,246,ALA,4.801,-0.597,Decreasing
B,LEU,637,ALA,4.03,-0.188,Decreasing
B,CYS,634,ALA,3.57,-1.64,Decreasing
A,TYR,271,ALA,3.204,-0.645,Decreasing
B,ASP,638,ALA,2.672,-2.117,Decreasing
B,PRO,617,ALA,3.952,0.267,Increasing
A,GLY,317,ALA,3.01,-0.427,Decreasing
A,TYR,92,ALA,3.033,-1.261,Decreasing
A,ASP,28,ALA,3.047,-0.76,Decreasing
B,PRO,625,ALA,3.033,-0.324,Decreasing
B,ASP,639,ALA,2.888,-0.624,Decreasing
A,GLY,68,ALA,2.675,-0.169,Decreasing
A,ASN,30,ALA,2.724,-0.923,Decreasing
A,TRP,313,ALA,3.702,-1.665,Decreasing
B,SER,633,ALA,2.638,-1.185,Decreasing
B,PRO,627,ALA,3.292,-0.531,Decreasing
A,TYR,266,ALA,4.516,-0.754,Decreasing
A,ARG,273,ALA,3.838,-0.611,Decreasing
A,THR,31,ALA,2.672,-0.637,Decreasing
A,GLY,315,ALA,2.642,-0.007,Decreasing
B,PHE,616,ALA,3.047,-1.617,Decreasing
B,ILE,628,ALA,3.495,-0.675,Decreasing
A,ASP,316,ALA,3.349,-0.316,Decreasing
